{
  "f1_score": 0.540633608815427,
  "precision": 0.49778059606848446,
  "recall": 0.5915599095704597,
  "roc_auc": 0.776111658776363,
  "confusion_matrix": {
    "true_negative": 3881,
    "false_positive": 792,
    "false_negative": 542,
    "true_positive": 785
  },
  "model_params": {
    "n_estimators": 100,
    "max_depth": 10,
    "min_samples_split": 10,
    "min_samples_leaf": 5,
    "class_weight": "balanced",
    "random_state": 42,
    "n_jobs": -1
  },
  "timestamp": "2026-06-11T17:31:59.471016"
}