{
  "f1_score": 0.5369705671213209,
  "precision": 0.5126799177518848,
  "recall": 0.5636774679728711,
  "roc_auc": 0.7716635561824724,
  "confusion_matrix": {
    "true_negative": 3962,
    "false_positive": 711,
    "false_negative": 579,
    "true_positive": 748
  },
  "model_params": {
    "n_estimators": 150,
    "max_depth": 12,
    "min_samples_split": 5,
    "min_samples_leaf": 2,
    "class_weight": "balanced",
    "random_state": 42,
    "n_jobs": -1
  },
  "timestamp": "2026-06-13T14:39:59.919652"
}